Subject,Company Name,Industry,Business Plan Structure,Slide Count,Key Data Points,Appendix Content,Unique Elements,Best Practice Takeaway,Error
Airbnb (2008 pitch deck),Airbnb,Travel & Hospitality,"Welcome, Problem, Solution, Market Validation, Market Size, Product, Business Model, Adoption Strategy, Competition, Competitive Advantage, Team, Press, User Testimonials, Financial",14,"10% commission, $2.1B revenue projection, 84M trips, $500k ask for 12 months runway","Press, User Testimonials","The pitch deck is simple and direct, clearly communicating the problem, solution, and business model. It uses early product screenshots and user testimonials for credibility. The adoption strategy, particularly the Craigslist integration, was a key and unique growth hack.",A clear and concise presentation of the problem and solution is more effective than a flashy design or complex business jargon.,
Uber (Series A pitch deck),Uber,"Ride Sharing, Transportation, Travel, Logistics","Problem, Solution, Market, Business Model, Team, Financials, Technology, Marketing, Competition",20,"Market Size, Revenue Projections, Profitability","Financial projections, Future optimizations, Team bios","The initial concept was a premium, members-only car service, which created a sense of exclusivity and justified a higher price point. This focus on a high-end niche was a key differentiator from traditional taxi services.","Clearly articulating a major problem and presenting a simple, elegant solution is more important than getting every detail of the business model right from the start.",
LinkedIn (2004 pitch deck),LinkedIn,Professional Networking,"Title Slide, Professional People Search 2.0, The Problem, Internet 1.0 vs. Internet 2.0, eBay: Online Goods Listings 2.0, PayPal: Online Payments 2.0, Google: Search for Things 2.0, LinkedIn: Professional People Search 2.0, Establishing the Network: Our First Priority, Network Growth: Commitment from Series A, Network Growth: Success, LinkedIn Leads this Market, LinkedIn Has Grown Its Lead, LinkedIn is the Market Leader, Growth Includes Major Groups Providing Strong Brand Endorsement, Strong Results With Less Than $4 Million Spent, Great Inbound Business Development, LinkedIn’s Market-Leading Position Creates Strong Barriers to Entry, The Network Enables Revenue, Financial Projections, The Team, The Round, Summary",37,"User growth (projections and actuals), market share, user engagement (logins, searches, page views), network effects, first-mover advantage, user demographics (CxOs/senior execs), business development partnerships, and key patents.","While a formal appendix is not explicitly labeled, the deck includes detailed slides on financial projections, the management team, and the specifics of the funding round, which serve a similar purpose.","The pitch deck effectively uses analogies to well-known successful companies (eBay, PayPal, Google) to explain its business model and potential. It heavily emphasizes the concept of ""Web 2.0"" and the power of network effects, which was a forward-thinking approach in 2004. The focus on building a critical mass of users before aggressively monetizing was also a key strategic element.","A compelling narrative, supported by strong analogies and a clear focus on network effects, can be more powerful than detailed financial projections in an early-stage pitch.",
Buffer (transparent pitch deck),Buffer,Social Media Management,"Title, Social Media Trend, Problem, Solution, Traction, Milestones, Business Model, Social Media Landscape, The Effect of Buffering, A Sharing Standard, Competition, Team, Advisors",13,"Paying Users, Annual Revenue Run Rate, Margins, User Growth, Updates Buffered, LTV, CAC",Not mentioned,"Buffer's pitch deck is notable for its extreme transparency and its heavy emphasis on traction. The company openly shared the deck, which was uncommon, to help other entrepreneurs. The deck's primary focus is on demonstrating product-market fit through clear and compelling user growth and revenue metrics.","For first-time founders, demonstrating strong traction is the most critical element in a successful fundraising pitch.",
Sequoia Capital (business plan template),Sequoia Capital,Venture Capital,"Company Purpose, Problem, Solution, Why Now, Market Potential, Competition/Alternatives, Business Model, Team, Financials, Vision",10-20,"Customer pain points, Unique value proposition, Market size (TAM, SAM, SOM), Revenue projections, User growth",Not specified,"The template emphasizes a strong narrative, starting with a single declarative sentence to define the company's purpose. It also includes a dedicated 'Why Now?' section to create urgency and highlight market readiness.","A successful business plan tells a compelling story that clearly articulates the problem, the solution, and the team's vision and ambition.",
Y Combinator (startup template),Y Combinator,"Venture Capital, Startup Accelerator","Company Name and One-liner, Problem, Solution, Demo, Market Size, Business Model, Team, Financials, Vision",10,"User growth, Revenue, Engagement, Metrics demonstrating traction, Product-market fit",,"The emphasis is on simplicity, clarity, and a compelling narrative. The deck should be easy to understand at a glance.","Focus on communicating a few key ideas clearly and effectively, rather than overwhelming investors with information.",
McKinsey (strategy framework),McKinsey & Company,Management Consulting,"McKinsey does not use a traditional business plan. Instead, they use strategic frameworks. The most well-known is the 7-S Framework: Strategy, Structure, Systems, Shared Values, Skills, Style, and Staff. A more recent evolution of this is a 12-element operating model: purpose, value agenda, ecosystem, leadership, governance, processes, technology, behaviors, rewards, footprint, and talent.",Unknown,"Qualitative and quantitative metrics related to the elements of their frameworks. For the 7-S framework, this would include measures of strategic alignment, organizational effectiveness, and employee skills. For the 12-element model, it would expand to include metrics on purpose, value creation, and technology adoption.",,The most unique element is the focus on a holistic and dynamic model for organizational effectiveness rather than a static business plan document. It emphasizes the interconnectedness of various organizational facets and their alignment with strategy.,"The key takeaway is that a business plan should be a dynamic tool for continuous strategic alignment and organizational development, rather than a one-time document for securing funding.",
Bain & Company (business plan structure),Bain & Company,Management Consulting,"Introduction/Executive Summary, Macro Environment Analysis, Historical Context/Performance, Market Analysis & Trends, Competitive Landscape, Financials/Fundraising, Future Outlook/Key Trends, Q&A",17,"Global buyout value, LBO loans issued, Direct lending growth, Private capital dry powder, Purchase price multiples, Buyout-backed exits, Distributions to LPs, Fundraising statistics, Public vs. Private market performance",Q&A,"The report is data-intensive, relying heavily on charts and graphs to support its narrative. It also provides a strong historical context to frame the current market situation. The focus is on providing a clear, data-driven perspective on the private equity industry.","A key takeaway is the importance of a data-driven narrative, using a combination of macro analysis, historical trends, and forward-looking perspectives to build a compelling case.",
Boston Consulting Group (BCG Matrix approach),Boston Consulting Group (BCG),Management Consulting,"Executive Summary, Situation, Complication, Resolution, Recommendations, Supporting Data",Unknown,"Market Growth Rate, Relative Market Share, Financial Projections, Market Size (TAM)",,"BCG's approach is distinguished by its use of proprietary strategic frameworks, most notably the BCG Matrix, to structure analysis and recommendations. Their presentations are highly data-driven and follow a logical, pyramid-like structure to deliver insights.","A key lesson from BCG's approach is the power of using structured, data-driven frameworks like the BCG Matrix to simplify complex strategic decisions and communicate them effectively.",
Tesla (2006 business plan),Tesla,Automotive,"Build sports car, Use that money to build an affordable car, Use that money to build an even more affordable car, While doing above, also provide zero emission electric power generation options",Unknown,"Roadster price ($89k), Energy efficiency (twice the energy efficiency of a Prius), Well-to-wheel efficiency, CO2 emissions",None,"The plan's uniqueness lies in its top-down market penetration strategy, starting with a high-priced, low-volume car to fund the development of cheaper, high-volume cars. It also emphasizes the company's mission-driven approach to accelerate the world's transition to a sustainable energy economy.","A compelling and clearly articulated long-term vision can be a powerful tool for attracting investment, talent, and customers, even with a business plan that is light on financial projections.",
SpaceX (investor presentation),SpaceX,"Aerospace, Space Transportation","Company Overview, Guest Analysis, Summary, Markets, Products and Technology, Starshield, Customer Traction, Financials, Competition, The SpaceX Advantage, Leadership Team, Conclusion, Appendices, Legal Disclosures",47,"Total Launches, YoY Growth, Starlink Sats Launched, YoY Growth, Total Starlink Customers, YoY Growth, SpaceX valuation, text messages via Direct to Cell Starlink satellite",Unknown,"The investment guide highlights SpaceX's impressive growth and provides a detailed overview of its various business segments, including Starlink and Starshield. It also emphasizes the company's ambitious long-term vision of making humanity a multi-planetary species.","A compelling narrative, backed by strong data and a clear vision, is crucial for attracting investment and building a strong brand.",
Stripe (early pitch deck),Stripe,Fintech,"Cover Slide, Value proposition, Product philosophy, Social proof, Market insights, Mission, Product suite, Developer platform, Problem solved, Traction & scale, Vision/Impact, Partner ecosystem, Thought leadership, Team, Contact",15,"Seed funding amount, User growth (millions of businesses), Employee count, Number of global offices",,"The pitch deck is distinguished by its minimalist design and clear, developer-centric narrative. It effectively communicates a powerful vision and builds investor confidence through its simplicity and focus on solving a critical problem for developers.","Lead with a clear, concise value proposition and build a compelling narrative that resonates with investors.",
Dropbox (2007 pitch deck),Dropbox,"Cloud Storage, File Sharing","Problem, Solution, Market Size, Product, Business Model, Go-to-Market Strategy, Competition, Team, Financials",17,"Focus on viral acquisition and freemium model, Emphasis on user experience and simplicity","The pitch deck did not have a formal appendix. However, the final slide served as a summary and call to action, which is a common practice in pitch decks.","The pitch deck included a live demo of the product, which was a powerful way to showcase its functionality. The go-to-market strategy was heavily reliant on word-of-mouth and viral marketing, which was a relatively new concept at the time.",A compelling live demo can be more effective than a slide full of text.,
Facebook (2004 business plan),Facebook,Social Networking,"Title Slide, Our Mission, Thefacebook Experience, User Demographics, Usage Statistics, Network Growth, Advertising Opportunities, Contact Information",26,"User Growth, User Engagement, Network Density, Demographics",,"The most unique aspect of this early-stage pitch deck is its focus on being a media kit for advertisers rather than a traditional investor pitch deck. It highlights the value of the platform as an advertising channel, showcasing its highly engaged and targeted user base.",A key takeaway from Facebook's 2004 pitch deck is the importance of demonstrating early traction and a clear path to monetization.,
Google (1998 business plan),Google,Internet Search & Technology,"The 1998 paper 'The Anatomy of a Large-Scale Hypertextual Web Search Engine' serves as a de-facto business plan. Key sections include: Abstract, Introduction, System Features (PageRank, Anchor Text), Related Work, System Anatomy, Data Structures, Crawling the Web, Indexing the Web, Query Evaluation, Results, Conclusions, Appendices.",Unknown,"24 million pages indexed, 259 million anchors, PageRank algorithm, query response time, efficient data structures, crawling technology","Advertising, Scalability","The business plan's core was a technical paper detailing a superior search engine. Its unique elements were the PageRank algorithm, which ranked pages based on citation importance, and the use of anchor text for more accurate descriptions. This technical focus, rather than a traditional business plan, differentiated them.","A relentless focus on solving a key user problem with superior technology can be the foundation of a powerful and defensible business model, even without a clear initial monetization strategy.",
Amazon (1997 letter to shareholders),Amazon,E-commerce,"It’s All About the Long Term, Obsess Over Customers, Infrastructure, Our Employees, Goals for 1998",Unknown,"Customer and revenue growth, Repeat customer purchases, Brand strength, Market leadership, Long-term shareholder value",Not Applicable,"The letter is notable for its extreme long-term focus, prioritizing market leadership and customer obsession over short-term profitability. It openly communicates a willingness to make bold, and sometimes unsuccessful, investments to achieve market leadership.","A key lesson is the importance of a clear, long-term vision communicated to shareholders, setting expectations for a growth-oriented strategy that may sacrifice short-term profits for long-term value.",
Netflix (2000 pitch deck),Netflix,"Entertainment, Streaming Media","The Problem We Wish to Solve, The Netflix Solution, What is Netflix For?, Understanding & Defining Our Brand Identity, Defining Mission Statement, Understanding Revenue Model, Who Will Our Customers Be, Understanding Competition, How Netflix Plan to Schedule the Shows?",11,"Performance and complexity graph, Expected revenue growth (billions), Subscription-based recurring revenue model with three tiers (Basic, Gold, Premium), Customer segmentation (Gender, Racial ethnicity, Age, Sexuality, lifestyle), Competitor analysis (revenue model, pricing, content availability), Viewership data (per evening, demographics)",,"The pitch deck clearly articulates the problem of limited access to a variety of movie genres and positions Netflix as the one-stop solution. It effectively uses visuals like graphs and charts to present data on performance, revenue, and viewership. The deck also provides a detailed breakdown of their subscription-based revenue model and customer segmentation.","A strong pitch deck should not only present a compelling solution to a problem but also provide a clear and data-driven overview of the business model, target market, and competitive landscape.",
Spotify (IPO prospectus),Spotify Technology S.A.,Music Streaming,"Prospectus Summary, Risk Factors, Use of Proceeds, Dividend Policy, Capitalization, Management’s Discussion and Analysis of Financial Condition and Results of Operations, Letter from Daniel Ek, Business, Management, Principal Shareholders, Related Party Transactions, Description of Share Capital, Shares Eligible for Future Sale, Taxation, Plan of Distribution",Unknown,"Monthly Active Users (MAUs), Premium Subscribers, Revenue, Net Loss, EBITDA, Free Cash Flow",Consolidated Financial Statements,"The company went public via a direct listing on the NYSE, which is a less common method than a traditional IPO. The prospectus also includes a letter from the CEO, Daniel Ek, which adds a personal touch and vision to the document.","Spotify's freemium model is a powerful customer acquisition tool, with the ad-supported free service acting as a funnel to convert users to premium subscribers.",
Slack (direct listing prospectus),Slack,Enterprise Software/Collaboration,"Prospectus Summary, Risk Factors, Management’s Discussion and Analysis of Financial Condition and Results of Operations, Business, Management, Executive Compensation, Financial Statements",Unknown,"Revenue Growth, Net Dollar Retention, Number of Paid Customers, Customers with >$100k ARR, Gross Margin",,"Slack's direct listing, as opposed to a traditional IPO, was a notable and unique aspect of their path to public markets. Their business model is distinguished by a strong emphasis on a freemium, bottoms-up adoption strategy, and a clear mission to replace internal email communication.","A product-led growth strategy, focusing on user experience and a freemium model, can be highly effective in driving adoption and expansion, as demonstrated by Slack's high net dollar retention rate.",
Zoom (IPO filing),"Zoom Video Communications, Inc.","Video Communications, Collaboration Software","Prospectus Summary, Risk Factors, Management's Discussion and Analysis of Financial Condition and Results of Operations (MD&A), Business, Financial Statements",Unknown,"Revenue Growth, Net Income, Cash Flow from Operations, Customers with >$100k ACV, Net Promoter Score (NPS)","Index to Consolidated Financial Statements, Audited Financial Statements, Notes to Financial Statements","Zoom's S-1 filing emphasizes its 'video-first' cloud architecture and a strong focus on customer happiness, as evidenced by a high Net Promoter Score (NPS). It also highlights a viral go-to-market strategy that effectively converts free users into paying customers, driving efficient growth.",A relentless focus on user experience and a freemium model can create a powerful viral marketing engine that drives significant organic growth and customer loyalty.,
Shopify (business model),Shopify,"E-commerce, SaaS","Problem & Pain Points, Solution & Value Proposition, Business Model, Traction & Social Proof",Unknown,"Revenue, MRR, GMV",Unknown,"Shopify's business plan stands out due to its hybrid SaaS model, which combines recurring subscription fees with success-based revenue, and its emphasis on building a defensible ecosystem around its platform.","Tell a cohesive story from problem to proof, ensuring a clear and logical narrative that investors can easily follow.",
Square (pitch deck),Square,"FinTech, Payments","Introduction, The Problem, The Solution, Market Opportunity, Traction, Team, Competition, Financial Projections, Addressing Concerns",20,"$1 million in daily processed payments, 100,000 new merchants monthly, 2.75% transaction fee",,"The pitch deck famously included a slide listing 140 reasons why Square might fail, demonstrating self-awareness and a proactive approach to addressing investor doubts. The simplicity of the product and its elegant design were also standout features.","A powerful lesson from Square's approach is the effectiveness of a simple, clear value proposition combined with proactively addressing potential investor concerns.",
Coinbase (S-1 filing),"Coinbase Global, Inc.","Cryptocurrency, Financial Technology (FinTech)","Prospectus Summary, Risk Factors, Management’s Discussion and Analysis of Financial Condition and Results of Operations, Business, Financial Statements",Unknown,"Verified Users, Monthly Transacting Users (MTUs), Assets on Platform, Trading Volume, Adjusted EBITDA",,"Coinbase's S-1 stands out for its direct address to ""Satoshi Nakamoto,"" the pseudonymous creator of Bitcoin. It also emphasizes its mission-driven approach to creating an open financial system and its ""remote-first"" company culture. The filing details a flywheel business model where retail users, institutions, and ecosystem partners create a self-reinforcing cycle of growth.","A key takeaway from Coinbase's approach is the importance of building a strong, trusted brand and user-friendly platform to simplify a complex and emerging technology, thereby attracting a wide range of customers and driving mainstream adoption.",
Palantir (S-1 filing),Palantir Technologies Inc.,Software & Data Analytics,"Prospectus Summary, Risk Factors, Management's Discussion and Analysis of Financial Condition and Results of Operations, Business, Management, Executive Compensation, Certain Relationships and Related Party Transactions, Principal and Registered Stockholders, Description of Capital Stock, Index to Consolidated Financial Statements",Unknown,"Revenue Growth, Average Revenue per Customer, Net Loss, Total Addressable Market, Customer Count, Revenue Concentration from Top Customers","Consolidated Financial Statements, Notes to Consolidated Financial Statements","Palantir's S-1 filing emphasizes its mission-oriented approach, focusing on providing software to critical government and commercial institutions. It differentiates itself from other Silicon Valley companies by rejecting business models based on selling or mining user data. The company highlights its commitment to ethical considerations and enabling its customers to use their own data effectively.","A key takeaway is the emphasis on building a strong, narrative-driven company identity and mission, which is woven throughout the entire business plan, justifying their strategic choices and market position.",
Snowflake (IPO prospectus),Snowflake,Cloud Data Platform,"Prospectus Summary, Risk Factors, Management’s Discussion and Analysis of Financial Condition and Results of Operations, Business",Unknown,"Revenue Growth, Net Revenue Retention Rate, Number of large customers, Total Customers, Daily Queries Processed","Underwriting Agreement, Certificate of Incorporation and Bylaws, Investor Rights Agreement, Lease Agreements, Compensation and bonus plans, Offer letters with executives","Snowflake's business plan stands out due to its emphasis on the ""Data Cloud"" and the network effects it generates. The consumption-based pricing model is also a key differentiator. The architecture that separates storage and compute is a core technological advantage that they highlight.","A key takeaway is the focus on a clear, compelling vision (the Data Cloud) and a business model that aligns with customer value (consumption-based pricing).",
DoorDash (S-1 filing),"DoorDash, Inc.",Local Commerce & Food Delivery,"Prospectus Summary, Risk Factors, Industry, Market, and Other Data, Use Of Proceeds, Dividend Policy, Capitalization, Dilution, Selected Consolidated Financial and Other Data, Management’s Discussion and Analysis of Financial Condition and Results of Operations, Business, Management, Index to Consolidated Financial Statements",Unknown,"Marketplace GOV (Gross Order Volume), Revenue, Contribution Profit (Loss), Adjusted EBITDA, Number of merchants, consumers, and Dashers, Total Orders, Average order frequency","Report of Independent Registered Public Accounting Firm, Consolidated Balance Sheets, Consolidated Statements of Operations, Consolidated Statements of Comprehensive Loss, Consolidated Statements of Convertible Preferred Stock and Stockholders’ Deficit, Consolidated Statements of Cash Flows, Notes to Consolidated Financial Statements","DoorDash's business plan stands out by focusing on building a comprehensive local logistics platform, not just a food delivery service. It emphasizes its three-sided marketplace connecting merchants, consumers, and Dashers, and highlights its proprietary technology and operational expertise as key differentiators. The plan also details the company's vision to expand beyond restaurants into other local commerce categories.","A key takeaway is the emphasis on building a proprietary, vertically integrated logistics platform, which allows for greater control over the user experience and operational efficiency, and creates a strong competitive advantage.",
Roblox (S-1 filing),Roblox,"Online Entertainment, Gaming, Social Media","Prospectus Summary, Risk Factors, Management's Discussion and Analysis of Financial Condition and Results of Operations (MD&A), Business",Unknown,"Daily Active Users (DAUs), Hours Engaged, Bookings, Revenue, Net Loss, Net cash provided by operating activities, Free Cash Flow",Index to Consolidated Financial Statements,"Roblox's business plan is distinguished by its emphasis on creating a ""human co-experience"" platform, a concept that transcends traditional gaming. The platform's complete reliance on user-generated content fosters a powerful and self-reinforcing network effect. Furthermore, the in-platform economy, powered by the virtual currency ""Robux"" and the Developer Exchange Program, creates a real and vibrant economic opportunity for developers and creators, setting it apart from many other platforms.","A key takeaway from Roblox's approach is the strategic focus on long-term platform growth and fostering a creator-centric ecosystem, prioritizing this over immediate profitability to build a sustainable and scalable business model.",
Rivian (IPO filing),Rivian,Electric Vehicles,"Prospectus Summary, Risk Factors, Use of Proceeds, Dividend Policy, Capitalization, Dilution, Selected Consolidated Financial and Other Data, Management’s Discussion and Analysis of Financial Condition and Results of Operations, Business, Management, Executive Compensation, Certain Relationships and Related Party Transactions, Principal Stockholders, Description of Capital Stock, Shares Eligible for Future Sale, Underwriting, Legal Matters, Experts, Index to Consolidated Financial Statements",Unknown,"Pre-orders, Production and delivery numbers, Revenue, Net loss, Adjusted EBITDA, Free cash flow",,"Rivian's business plan stands out due to its focus on the electric adventure vehicle market, a segment with less competition than the broader EV market. The company's direct-to-consumer sales model and vertically integrated ecosystem, including a charging network and after-sales service, are also key differentiators. Furthermore, the strategic partnership with Amazon for the development and supply of electric delivery vans provides a significant and stable revenue stream.",A strong brand identity and a strategic partnership with a major customer can be a powerful combination for a successful market entry.,
Warby Parker (pitch deck),Warby Parker,"Eyewear, Retail","Problem, Solution, Company Overview, Key Facts, Products & Services, Unique Selling Proposition, Milestones, Customer Testimonials, Market Opportunity, Business Model, Revenue Streams, Competitive Analysis, Financial Performance, Financial Projections, Investment Ask, Use of Funds, Team",20-46,"Net Revenue, Gross Margin, Adjusted EBITDA, Active Customers, Average Revenue per Customer",,"Warby Parker's business plan is distinguished by its direct-to-consumer (DTC) model, which bypasses traditional retail channels. A key feature is their 'Home-Try-On' program, allowing customers to test frames at home before purchasing, which significantly lowers the barrier to buying glasses online.",Warby Parker's success demonstrates the power of a strong narrative and a clear value proposition in disrupting a traditional industry.,
WeWork (pitch deck analysis),WeWork,Real Estate/Coworking,"Company Overview, Financials, What We Do, Space as a Service, Market Opportunity, Community",10,"Member growth, Number of locations, Revenue per member",,"WeWork's pitch deck stands out by focusing on the ""community"" aspect of their business, rather than just the physical space. They sell a vision of a new way of working, which is a powerful narrative.","The power of storytelling and selling a vision, not just a product or service, can be a highly effective way to attract investors.",
Peloton (S-1 filing),Peloton,"Health & Wellness, Connected Fitness","Prospectus Summary, Risk Factors, Industry and Market Data, Management’s Discussion and Analysis of Financial Condition and Results of Operations, Business, Financial Statements",30,"Total Revenue, Net Loss, Adjusted EBITDA, Connected Fitness Subscribers, Average Net Monthly Connected Fitness Churn, Total Workouts, Member Retention, Subscription Contribution Margin, Connected Fitness Subscriber Lifetime Value","Consolidated Financial Statements, Notes to Consolidated Financial Statements","Peloton's business plan stands out due to its vertically integrated model, which covers everything from product design and manufacturing to content production, logistics, and retail. This end-to-end control allows for a seamless and high-quality customer experience. The company's focus on building a strong community and brand, combined with its high-quality, engaging content, has created a loyal and growing member base.","A key lesson from Peloton's approach is the power of combining a physical product with a recurring revenue subscription service, while fostering a strong sense of community to drive long-term customer retention and growth.",
Beyond Meat (IPO prospectus),Beyond Meat,"Food, Plant-based meat","Prospectus Summary, Risk Factors, Use of Proceeds, Dividend Policy, Capitalization, Dilution, Selected Financial Data, Management’s Discussion and Analysis of Financial Condition and Results of Operations, Letter From Ethan Brown, Our Founder and Chief Executive Officer, Business, Management, Executive Compensation, Certain Relationships and Related-Party Transactions, Principal Stockholders, Description of Capital Stock, Shares Eligible for Future Sale, Material U.S. Federal Income Tax Considerations for Non-U.S. Holders of Common Stock, Underwriting, Legal Matters, Experts, Where You Can Find More Information, Index to Financial Statements",Unknown,"Net revenues, gross revenues, net loss, earned media impressions",,"Beyond Meat's business plan stands out by focusing on a ""meat-eater"" consumer base rather than just vegans/vegetarians. They achieve this by merchandising their products in the meat aisle of grocery stores and by creating products that closely mimic the taste and texture of real meat.","A key lesson is to define the market opportunity broadly and to develop a product that can compete with established players in that larger market, rather than limiting the focus to a niche segment.",
Impossible Foods (pitch deck),Impossible Foods,"Food Technology, Plant-Based Meat Alternatives","Market Disruption, Industry Trends, Patented Science, Scaling Strategy, Market Adoption",10,"$1.4T global meat market, 70% demand growth by 2050, 10x faster adoption of alternative meats, 40% of consumers seeking low-carbon foods, 70K+ stores globally, 40K+ restaurants",Unknown,"The business plan's unique focus is on the science of Heme™ as a core differentiator, creating a compelling narrative around a mission-driven brand aiming to transform the global food system.","A strong narrative, when combined with compelling data and a clear scientific differentiator, can create a powerful and persuasive pitch to investors.",
Robinhood (S-1 filing),"Robinhood Markets, Inc.",Financial Technology (Fintech),"Prospectus Summary, Risk Factors, Management’s Discussion and Analysis of Financial Condition and Results of Operations, Business, Management, Executive Compensation, Principal and Selling Stockholders, Certain Relationships and Related Person Transactions, Description of Capital Stock, Shares Eligible for Future Sale, Underwriting, Legal Matters, Experts, Financial Statements",Unknown,"Net Cumulative Funded Accounts, Monthly Active Users (MAU), Assets Under Custody (AUC), Average Revenues Per User (ARPU), Revenue Growth, Net Income","Consolidated Financial Statements, Exhibits (including articles of incorporation, bylaws, material contracts, and legal opinions)","Robinhood's S-1 filing stands out for its strong emphasis on its mission to ""democratize finance for all."" It highlights its commission-free trading model, user-friendly mobile-first platform, and educational resources as key differentiators. The filing also details its growth in attracting a new, younger demographic of investors.","A compelling, mission-driven narrative can be a powerful tool for attracting investors and customers, especially when combined with a disruptive and accessible product.",
Instacart (business model),Instacart,Online Grocery Delivery,"Company Overview, Market Share, Customer Demographics, Customer Usage, Partner Data & Analytics, Closed-Loop Reporting, Featured Products, Search & Discovery, Industry Strategy, Customer Retention",10,"5.5k+ Cities, 500k+ Shoppers, 85%+ US Household Availability, $92 Average Basket Size, 1.3 Weekly Orders, 91.5% YoY Sales Growth",,"Instacart's model is unique in its focus on partnering with existing grocery stores rather than building its own inventory and logistics. This allows for rapid scaling and a wide selection for customers. They also provide valuable data and analytics to their retail partners, creating a symbiotic relationship.",Leveraging data to personalize the customer experience and provide value to retail partners is a powerful strategy for growth in a competitive market.,
Figma (pitch deck),Figma,Software & Design,"Problem, Solution (Demo), Vision, Team","Unknown, but included a small number of slides and a product demo","Product capabilities, Technology demonstration",,The pitch was heavily focused on a live product demonstration of their web-based graphics editing tools rather than a traditional slide deck.,"A compelling product demo can be more powerful than a slide deck, especially for a technology-driven company.",
Notion (business approach),Notion,Productivity Software,"Cover, Problem, Problem Impact, Solution, What Notion Does, Unified Platform, Product Demo, Social Proof, Why it Matters, Branding, Appendix",19,"User growth (1M+ users), Adoption by major companies (Duolingo, Lattice, ZEIT), Tool overload and fragmentation","Company timeline (phases 1 to 5), Enterprise-focused features (SSO, unlimited workspaces, dedicated support)","The pitch deck excels at simple, visual storytelling, effectively conveying the problem of 'tool overload' and positioning Notion as the unified solution. Its use of a historical timeline to frame the company's vision is a particularly distinctive and effective narrative device.","A key lesson is to focus on a simple, relatable problem and present a clear, concise solution, backing it up with social proof and a compelling vision for the future.",
Canva (pitch deck),Canva,"Software, Design, Marketing","Problem, Solution, Business Model, Market Size, Traction, Competition, Team, Ask, Thank You",11,"Market Size (TAM, SAM, SOM), User Growth, Revenue Streams (micropayments, printing services)",,"The pitch deck emphasizes a simple, user-friendly solution to a common problem, targeting a large, underserved market of non-designers. The business model is also unique, combining micropayments with a percentage from printing services.",A clear and cohesive narrative that systematically de-risks the investment for potential investors is crucial for a successful pitch.,
Miro (business plan),Miro,Software,"Key Partners, Key Activities, Key Resources, Value Propositions, Customer Relationships, Customer Segments, Channels, Cost Structure, Revenue Streams",Unknown,"Freemium user acquisition, tiered subscription plans (Team, Business, Enterprise, Consultant), educational plan, monthly/yearly subscription revenue",,Miro's business plan is distinguished by its highly effective freemium-to-paid conversion funnel and its emphasis on deep integrations with other popular workplace tools. This product-led growth strategy has allowed them to build a massive user base and then upsell premium features to teams and enterprises.,"A successful freemium model can be a powerful engine for user acquisition and growth, especially when combined with a strong focus on integrations and a seamless user experience.",
Airtable (pitch deck),Airtable,"Cloud-based software, Database management","Introduction, Problem, Solution, Product/Service, Key Facts, Value Proposition, Milestones, Client Testimonials, Market Opportunity, Business Model Canvas, Revenue Streams, Competitive Analysis, Financial Performance, Financial Projections, Investment Ask, Allocation of Funds, Funding History, Exit Strategy, Team, Organizational Structure, Shareholding Pattern",40,"Financial performance, Financial projections, Market opportunities, Revenue streams, Annual Recurring Revenue (ARR), Company valuation","About Us, Our Mission, Post It Notes, Our Target, SWOT Analysis, 30 60 90 Days Plan","The pitch deck provides a comprehensive and transparent view of the company's strategy, financials, and team. It also includes client testimonials and a detailed breakdown of the investment ask and allocation of funds.","A key lesson is the importance of a detailed and transparent pitch deck that covers all aspects of the business, from the problem and solution to the financials and exit strategy.",
Monday.com (S-1 filing),Monday.com Ltd.,Cloud-based software (Work Operating System),"Our Vision, Our Mission, Our Platform, Our Growth Strategies, The monday.com Equal Impact Initiative, Risk Factors, Management’s Discussion and Analysis of Financial Condition and Results of Operations",Unknown,"Revenue Growth, Net Dollar Retention Rate, Number of Customers, Customers with >$50k ARR, Non-GAAP Operating Loss, Adjusted Free Cash Flow","Consolidated Financial Statements, Notes to the Consolidated Financial Statements","The concept of a ""Work Operating System"" (Work OS) is a key differentiator, allowing users to build custom applications. This is coupled with a strong bottom-up, product-led growth model and a unique ""Equal Impact Initiative"" for social responsibility.","A key takeaway is the power of a flexible, customizable platform (the ""Work OS"") combined with a product-led, bottom-up growth strategy to drive rapid adoption and expansion within a large and diverse customer base.",
Asana (S-1 filing),"Asana, Inc.",Work Management Software,"Prospectus Summary, Risk Factors, Management’s Discussion and Analysis of Financial Condition and Results of Operations, Business, Management, Executive Compensation, Certain Relationships and Related Party Transactions, Principal and Registered Stockholders, Description of Capital Stock, Shares Eligible For Future Sale, Sale Price History of our Capital Stock, Material U.S. Federal Income Tax Considerations For Non-U.S. Holders of Common Stock, Plan of Distribution, Legal Matters, Experts, Where You Can Find Additional Information, Index to Consolidated Financial Statements",Unknown,"Revenue growth, Number of paying customers, Dollar-based net retention rate, Free-to-paid conversion rate, Customers with >$5k and >$50k ARR",Consolidated Financial Statements,"Asana's S-1 filing emphasizes its mission-driven culture and its proprietary 'work graph' data model, which structures and connects all work within an organization. A key differentiator is their hybrid go-to-market strategy, combining a self-service model for initial adoption with a direct sales force for enterprise expansion. This allows for efficient customer acquisition and deep penetration within large organizations.","A powerful best practice from Asana's approach is the 'land and expand' model, which leverages a free or low-cost entry point to attract a large user base and then focuses on converting and expanding usage within organizations, leading to significant revenue growth from existing customers.",
Atlassian (IPO prospectus),Atlassian,Software,"Prospectus Summary, Risk Factors, Market and Industry Data, Use of Proceeds, Dividend Policy, Capitalization, Dilution, Corporate Structure, Selected Consolidated Financial and Other Data, Management’s Discussion and Analysis of Financial Condition and Results of Operations, Business, Management, Related Party Transactions, Principal Shareholders, Description of Share Capital, Shares Eligible for Future Sale, Taxation, Underwriting, Expenses of the Offering, Service of Process and Enforcement of Judgments, Legal Matters, Experts, Where You Can Find Additional Information, Index to Consolidated Financial Statements",Unknown,"Revenue growth, Net income, Free cash flow, Number of customers, Monthly active users",Index to Consolidated Financial Statements,"A unique business model centered on creating products that sell themselves, with a focus on a self-service, low-friction model. They have a strong emphasis on company culture and transparency.",A strong focus on product-led growth and a unique distribution model can lead to significant scale and profitability without a traditional sales force.,
Twilio (S-1 filing),Twilio Inc.,Cloud Communications Platform,"Prospectus Summary, Risk Factors, Special Note Regarding Forward-Looking Statements, Industry and Market Data, Use of Proceeds, Market Price of Our Class A Common Stock, Dividend Policy, Capitalization, Dilution, Selected Consolidated Financial and Other Data, Management’s Discussion and Analysis of Financial Condition and Results of Operations, Business, Management, Executive Compensation, Certain Relationships and Related Party Transactions, Principal and Selling Stockholders, Description of Capital Stock, Shares Eligible for Future Sale, Material U.S. Federal Income and Estate Tax Consequences to Non-U.S. Holders of Our Class A Common Stock, Underwriting, Legal Matters, Experts, Where You Can Find Additional Information, Index to Consolidated Financial Statements",Unknown,"Revenue, Cost of revenue, Gross profit, Operating expenses, Loss from operations, Net loss, Dollar-Based Net Expansion Rate, Active Customer Accounts","Report of Independent Registered Public Accounting Firm, Consolidated Balance Sheets, Consolidated Statements of Operations, Consolidated Statements of Comprehensive Loss, Consolidated Statements of Convertible Preferred Stock and Stockholders’ Equity (Deficit), Consolidated Statements of Cash Flows, Notes to Consolidated Financial Statements","Twilio's business plan is distinguished by its developer-first approach, providing APIs as building blocks rather than complete solutions. This is coupled with a usage-based revenue model where revenue grows with customer usage, and the 'Super Network', a software layer that optimizes communication quality and cost globally.","A developer-centric, usage-based business model can be a powerful growth engine in the software industry by empowering developers and aligning revenue with customer success.",
Datadog (S-1 filing),Datadog,Software as a Service (SaaS),"Prospectus Summary, Risk Factors, Use of Proceeds, Dividend Policy, Capitalization, Dilution, Selected Consolidated Financial Data, Management’s Discussion and Analysis of Financial Condition and Results of Operations, Business, Management, Executive Compensation, Certain Relationships and Related Party Transactions, Principal Stockholders, Description of Capital Stock, Shares Eligible for Future Sale, Material U.S. Federal Income Tax Consequences to Non-U.S. Holders of Our Class A Common Stock, Underwriting, Legal Matters, Experts, Where You Can Find Additional Information, Index to Consolidated Financial Statements",Unknown,"Dollar-based net retention rate, Customers with ARR of $100,000 or more, Customers with ARR of $1.0 million or more, Revenue Growth, Net (loss) income, Customer Acquisition",,"Datadog's S-1 filing emphasizes a strong land-and-expand business model with a highly efficient go-to-market strategy. This strategy combines a self-service tier, a high-velocity inside sales team, and an enterprise sales force, enabling them to effectively acquire and grow customers of all sizes. Their platform's ability to integrate infrastructure monitoring, APM, and log management into a unified, real-time observability solution is another key differentiator.","Datadog's success demonstrates the power of a land-and-expand model, where an easy-to-adopt product seamlessly allows customers to increase usage and adopt more services over time.",
Cloudflare (S-1 filing),"Cloudflare, Inc.",Internet Security & Content Delivery Network (CDN),"Prospectus Summary, The Offering, Risk Factors, Use of Proceeds, Dividend Policy, Capitalization, Dilution, Selected Consolidated Financial and Other Data, Management’s Discussion and Analysis of Financial Condition and Results of Operations, A Letter from Matthew Prince and Michelle Zatlyn, Business, Management, Executive Compensation, Certain Relationships and Related Party Transactions, Principal Stockholders, Description of Capital Stock, Shares Eligible for Future Sale, Material U.S. Federal Income Tax Consequences to Non-U.S. Holders of Our Class A Common Stock, Underwriting, Legal Matters, Experts, Where You Can Find Additional Information",Unknown,"Revenue Growth, Gross Margin, Number of paying customers, Percentage of Fortune 1,000 customers, Number of internet properties using the platform, Number of cyber threats blocked per day, Network reach (percentage of Internet users within 100ms)","Exhibits to the S-1 filing, including legal agreements and financial statements.","Cloudflare's business plan is distinguished by its mission-driven approach to 'help build a better Internet,' its 'flywheel' strategy where network expansion and product development reinforce each other, and a highly successful freemium model that has enabled massive scale and a significant network effect.","Cloudflare's S-1 filing demonstrates the power of a freemium model to build a massive user base and network effect, which in turn drives a powerful data-driven flywheel for product development and security intelligence.",
CrowdStrike (S-1 filing),"CrowdStrike Holdings, Inc.",Cybersecurity,"Prospectus Summary, Risk Factors, Management's Discussion and Analysis of Financial Condition and Results of Operations, Business, Financial Statements",Unknown,"Total revenue, Subscription revenue, Professional services revenue, Free cash flow, Net cash used in operating activities",Index to Consolidated Financial Statements,"CrowdStrike's business plan stands out due to its emphasis on a cloud-native platform, the 'Threat Graph,' which processes over one trillion endpoint-related events per week. This, combined with their AI-driven approach, creates a powerful network effect, where the platform becomes more intelligent as more data is collected, providing a significant competitive advantage.","A key lesson from CrowdStrike's approach is the strategic advantage of a cloud-native platform that leverages AI and crowdsourced data to create a powerful network effect, enabling real-time threat detection and prevention at scale.",
Okta (S-1 filing),Okta,Identity and Access Management as a Service (IDaaS),"Prospectus Summary, Risk Factors, Management’s Discussion and Analysis of Financial Condition and Results of Operations, Business, Financial Statements",Unknown,"Number of customers, Number of users, Number of integrations, Revenue and revenue growth, Dollar-based retention rate, Calculated billings",,"Okta's business plan emphasizes its position as an independent and neutral platform, allowing integration with a wide array of technologies to prevent vendor lock-in. They highlight their pioneering role in cloud-based identity management and the strong network effects of their platform.","A key takeaway is the importance of a clear and compelling mission; Okta's mission, ""to enable any organization to use any technology,"" is simple, powerful, and guides their entire strategy.",
ServiceNow (business model),ServiceNow,Enterprise Software/Cloud Computing,"Safe Harbor, Non-GAAP Financial Measures, Company Overview, Financial Highlights, Guidance, Subscription Revenues Growth, Remaining Performance Obligations (RPO), Customer Cohort Growth, Expansion of Customer Relationships, Renewal Rate, Net New ACV Contribution, GAAP Revenues by Geography, Headcount by Department, Non-GAAP Margins, Non-GAAP Net Income and EPS, Appendix",25,"Subscription Revenues, cRPO, RPO, Non-GAAP Operating Margin, Non-GAAP Free Cash Flow Margin, Customer Cohort Growth, Number of Customers with $5M+ ACV, Renewal Rate, Net New ACV Contribution","GAAP to Non-GAAP Reconciliation, Supplemental Information (Stock-based compensation, Amortization of purchase intangibles, Business combinations and other related costs, Legal settlements, Impairment of assets, Severance costs)","ServiceNow's business plan presentation is highly data-driven, with a strong emphasis on non-GAAP metrics to showcase the company's underlying performance and growth trajectory. The 'Customer Cohort Growth' slide is a powerful visualization of customer value expansion over time.","The effective use of non-GAAP metrics to provide a clearer picture of the core business performance, excluding the noise of non-recurring or non-cash items, builds investor confidence.",
Salesforce (early business plan),Salesforce,Cloud-based Software (CRM),"Industry Transformation, Develop a Villain, Paint Your Vision, Introduce Your Product as the Tool to Battle the Villain, Present Evidence / Customer Stories Galore",10+,"Customer stories and testimonials, Visuals depicting industry transformations",Unknown,Salesforce's business plan stands out for its focus on storytelling and creating a narrative. The 'NO SOFTWARE' movement and the creation of a villain (traditional software) were unique and effective strategies.,"A key takeaway is the power of repetition; Salesforce consistently repeats its core narrative across all channels, from keynotes to sales decks.",
